{
  "project_info": {
    "project_number": "447872958196",
    "project_id": "object-detection-activity",
    "storage_bucket": "object-detection-activity.appspot.com"
  },
  "client": [
    {
      "client_info": {
        "mobilesdk_app_id": "1:447872958196:android:1de4188c6845717cf968a1",
        "android_client_info": {
          "package_name": "com.example.objectdetectionactivity"
        }
      },
      "oauth_client": [
        {
          "client_id": "447872958196-fucmgvd39vjsge6jn4o9vthradl0muo4.apps.googleusercontent.com",
          "client_type": 3
        }
      ],
      "api_key": [
        {
          "current_key": "AIzaSyDXw8C4erbKrzQPuklsZVmiMkROTUWrMaY"
        }
      ],
      "services": {
        "appinvite_service": {
          "other_platform_oauth_client": [
            {
              "client_id": "447872958196-fucmgvd39vjsge6jn4o9vthradl0muo4.apps.googleusercontent.com",
              "client_type": 3
            }
          ]
        }
      }
    }
  ],
  "configuration_version": "1"
}